{
    "columns": [
        "DISCORD",
        "NUME IC",
        "SERIE BULETIN",
        "RANK",
        "ROLE",
        "PUNCTAJ",
        "ULTIMA_MOD"
    ],
    "ranks": {
        "1": "Offiter",
        "2": "Caporal",
        "3": "Sergent",
        "4": "Plutonier",
        "5": "Locotenent Instructor",
        "6": "Sheriff Adjunct",
        "7": "Sheriff"
    },
    "rankuri_desc": "Rank 1: Offiter\nRank 2: Caporal\nRank 3: Sergent\nRank 4: Plutonier\nRank 5: Locotenent Instructor\nRank 6: Sheriff Adjunct\nRank 7: Sheriff",
    "last_punctaj_update": "2026-02-11 16:39:34",
    "version": 1,
    "last_synced": null,
    "pending_sync": false,
    "rows": [
        {
            "DISCORD": "Katinskyn",
            "NUME IC": "Don Katinskyn",
            "SERIE BULETIN": "I65U96M86",
            "RANK": "6",
            "ROLE": "Sheriff Adjunct",
            "PUNCTAJ": "0",
            "ULTIMA_MOD": "2026-02-11 16:39:34"
        }
    ]
}