{
    "columns": [
        "DISCORD",
        "NUME IC",
        "SERIE DE BULETIN",
        "RANK",
        "ROLE",
        "PUNCTAJ",
        "ULTIMA_MOD"
    ],
    "ranks": {
        "1": "Offiter",
        "2": "Caporal",
        "3": "Sergent",
        "4": "Plutonier",
        "5": "Locotenent Instructor",
        "6": "Sherif Adjunct",
        "7": "Sherif"
    },
    "rankuri_desc": "",
    "last_punctaj_update": "2026-02-11 15:08:18",
    "version": 2,
    "last_synced": null,
    "pending_sync": false,
    "rows": [
        {
            "DISCORD": "Parjanu",
            "NUME IC": "Dandeny Munoz",
            "SERIE DE BULETIN": "R87G65U68",
            "RANK": "4",
            "ROLE": "Plutonier",
            "PUNCTAJ": "9",
            "ULTIMA_MOD": "2026-02-11 15:08:18"
        },
        {
            "DISCORD": "vLp",
            "NUME IC": "Vulpe Fuchs",
            "SERIE DE BULETIN": "V37I61A62",
            "RANK": "6",
            "ROLE": "Sherif Adjunct",
            "PUNCTAJ": "0",
            "ULTIMA_MOD": "2026-01-30T18:52:13.483891+00:00"
        }
    ]
}