{
    "columns": [
        "DISCORD",
        "NUME IC",
        "SERIE DE BULETIN",
        "RANK",
        "ROLE",
        "PUNCTAJ",
        "ULTIMA_MOD"
    ],
    "ranks": {
        "1": "Offiter",
        "2": "Caporal",
        "3": "Sergent",
        "4": "Plutonier",
        "5": "Locotenent Instructor",
        "6": "Sherif Adjunct",
        "7": "Sherif"
    },
    "rankuri_desc": "",
    "last_punctaj_update": "2026-02-18 15:42:06",
    "version": 2,
    "last_synced": null,
    "pending_sync": false,
    "rows": [
        {
            "DISCORD": "Ganea",
            "NUME IC": "Ganea Ionut",
            "SERIE DE BULETIN": "Z29E43M59",
            "RANK": "7",
            "ROLE": "Sherif",
            "PUNCTAJ": "12",
            "ULTIMA_MOD": "2026-02-18 15:42:06"
        }
    ]
}